{"tileSize":32,"mapWidth":31,"mapHeight":33,"layers":[{"name":"arvores","tiles":[{"id":"0","x":1,"y":27},{"id":"1","x":2,"y":27},{"id":"2","x":3,"y":27},{"id":"3","x":1,"y":28},{"id":"4","x":2,"y":28},{"id":"5","x":3,"y":28},{"id":"6","x":1,"y":29},{"id":"7","x":2,"y":29},{"id":"8","x":3,"y":29},{"id":"9","x":21,"y":22},{"id":"10","x":22,"y":22},{"id":"11","x":23,"y":22},{"id":"12","x":21,"y":23},{"id":"13","x":22,"y":23},{"id":"14","x":23,"y":23},{"id":"15","x":21,"y":24},{"id":"16","x":22,"y":24},{"id":"17","x":23,"y":24},{"id":"9","x":27,"y":18},{"id":"18","x":16,"y":16},{"id":"18","x":18,"y":16},{"id":"18","x":17,"y":16},{"id":"6","x":20,"y":16},{"id":"7","x":21,"y":16},{"id":"8","x":22,"y":16},{"id":"0","x":20,"y":14},{"id":"1","x":21,"y":14},{"id":"2","x":22,"y":14},{"id":"3","x":20,"y":15},{"id":"4","x":21,"y":15},{"id":"5","x":22,"y":15},{"id":"6","x":20,"y":16},{"id":"7","x":21,"y":16},{"id":"8","x":22,"y":16},{"id":"18","x":4,"y":29},{"id":"0","x":5,"y":27},{"id":"1","x":6,"y":27},{"id":"2","x":7,"y":27},{"id":"3","x":5,"y":28},{"id":"4","x":6,"y":28},{"id":"5","x":7,"y":28},{"id":"6","x":5,"y":29},{"id":"7","x":6,"y":29},{"id":"8","x":7,"y":29},{"id":"19","x":3,"y":12},{"id":"19","x":9,"y":14},{"id":"18","x":29,"y":20},{"id":"9","x":23,"y":0},{"id":"10","x":24,"y":0},{"id":"11","x":25,"y":0},{"id":"12","x":23,"y":1},{"id":"13","x":24,"y":1},{"id":"14","x":25,"y":1},{"id":"15","x":23,"y":2},{"id":"16","x":24,"y":2},{"id":"17","x":25,"y":2},{"id":"18","x":26,"y":27},{"id":"9","x":28,"y":27},{"id":"10","x":29,"y":27},{"id":"11","x":30,"y":27},{"id":"12","x":28,"y":28},{"id":"13","x":29,"y":28},{"id":"14","x":30,"y":28},{"id":"15","x":28,"y":29},{"id":"16","x":29,"y":29},{"id":"17","x":30,"y":29},{"id":"0","x":0,"y":5},{"id":"1","x":1,"y":5},{"id":"2","x":2,"y":5},{"id":"3","x":0,"y":6},{"id":"4","x":1,"y":6},{"id":"5","x":2,"y":6},{"id":"6","x":0,"y":7},{"id":"7","x":1,"y":7},{"id":"8","x":2,"y":7}],"collider":false},{"name":"Layer_0","tiles":[{"id":"20","x":0,"y":30},{"id":"21","x":1,"y":30},{"id":"22","x":0,"y":31},{"id":"23","x":1,"y":31},{"id":"24","x":0,"y":32},{"id":"25","x":1,"y":32},{"id":"26","x":2,"y":32},{"id":"20","x":2,"y":30},{"id":"21","x":3,"y":30},{"id":"27","x":4,"y":30},{"id":"22","x":2,"y":31},{"id":"23","x":3,"y":31},{"id":"28","x":4,"y":31},{"id":"24","x":2,"y":32},{"id":"25","x":3,"y":32},{"id":"26","x":4,"y":32},{"id":"20","x":5,"y":30},{"id":"21","x":6,"y":30},{"id":"27","x":7,"y":30},{"id":"22","x":5,"y":31},{"id":"23","x":6,"y":31},{"id":"28","x":7,"y":31},{"id":"24","x":5,"y":32},{"id":"25","x":6,"y":32},{"id":"26","x":7,"y":32},{"id":"29","x":9,"y":28},{"id":"30","x":10,"y":28},{"id":"31","x":11,"y":28},{"id":"29","x":12,"y":26},{"id":"30","x":13,"y":26},{"id":"31","x":14,"y":26},{"id":"29","x":16,"y":25},{"id":"30","x":17,"y":25},{"id":"31","x":18,"y":25},{"id":"20","x":20,"y":25},{"id":"21","x":21,"y":25},{"id":"27","x":22,"y":25},{"id":"22","x":20,"y":26},{"id":"23","x":21,"y":26},{"id":"28","x":22,"y":26},{"id":"24","x":20,"y":27},{"id":"25","x":21,"y":27},{"id":"26","x":22,"y":27},{"id":"24","x":27,"y":32},{"id":"24","x":28,"y":32},{"id":"24","x":29,"y":32},{"id":"20","x":27,"y":30},{"id":"21","x":28,"y":30},{"id":"27","x":29,"y":30},{"id":"22","x":27,"y":31},{"id":"23","x":28,"y":31},{"id":"28","x":29,"y":31},{"id":"24","x":27,"y":32},{"id":"25","x":28,"y":32},{"id":"26","x":29,"y":32},{"id":"29","x":24,"y":23},{"id":"30","x":25,"y":23},{"id":"31","x":26,"y":23},{"id":"20","x":15,"y":17},{"id":"21","x":16,"y":17},{"id":"27","x":17,"y":17},{"id":"22","x":15,"y":18},{"id":"23","x":16,"y":18},{"id":"28","x":17,"y":18},{"id":"24","x":15,"y":19},{"id":"25","x":16,"y":19},{"id":"26","x":17,"y":19},{"id":"20","x":18,"y":17},{"id":"21","x":19,"y":17},{"id":"27","x":20,"y":17},{"id":"22","x":18,"y":18},{"id":"23","x":19,"y":18},{"id":"28","x":20,"y":18},{"id":"24","x":18,"y":19},{"id":"25","x":19,"y":19},{"id":"26","x":20,"y":19},{"id":"20","x":21,"y":17},{"id":"21","x":22,"y":17},{"id":"27","x":23,"y":17},{"id":"22","x":21,"y":18},{"id":"23","x":22,"y":18},{"id":"28","x":23,"y":18},{"id":"24","x":21,"y":19},{"id":"25","x":22,"y":19},{"id":"26","x":23,"y":19},{"id":"20","x":28,"y":21},{"id":"21","x":29,"y":21},{"id":"27","x":30,"y":21},{"id":"22","x":28,"y":22},{"id":"23","x":29,"y":22},{"id":"28","x":30,"y":22},{"id":"24","x":28,"y":23},{"id":"25","x":29,"y":23},{"id":"26","x":30,"y":23},{"id":"32","x":24,"y":26},{"id":"32","x":26,"y":28},{"id":"29","x":11,"y":16},{"id":"30","x":12,"y":16},{"id":"31","x":13,"y":16},{"id":"29","x":7,"y":15},{"id":"30","x":8,"y":15},{"id":"31","x":9,"y":15},{"id":"29","x":3,"y":13},{"id":"30","x":4,"y":13},{"id":"31","x":5,"y":13},{"id":"20","x":0,"y":8},{"id":"21","x":1,"y":8},{"id":"27","x":2,"y":8},{"id":"22","x":0,"y":9},{"id":"23","x":1,"y":9},{"id":"28","x":2,"y":9},{"id":"24","x":0,"y":10},{"id":"25","x":1,"y":10},{"id":"26","x":2,"y":10},{"id":"20","x":6,"y":8},{"id":"21","x":7,"y":8},{"id":"27","x":8,"y":8},{"id":"22","x":6,"y":9},{"id":"23","x":7,"y":9},{"id":"28","x":8,"y":9},{"id":"24","x":6,"y":10},{"id":"25","x":7,"y":10},{"id":"26","x":8,"y":10},{"id":"20","x":9,"y":8},{"id":"21","x":10,"y":8},{"id":"27","x":11,"y":8},{"id":"22","x":9,"y":9},{"id":"23","x":10,"y":9},{"id":"28","x":11,"y":9},{"id":"24","x":9,"y":10},{"id":"25","x":10,"y":10},{"id":"26","x":11,"y":10},{"id":"20","x":26,"y":3},{"id":"21","x":27,"y":3},{"id":"27","x":28,"y":3},{"id":"22","x":26,"y":4},{"id":"23","x":27,"y":4},{"id":"28","x":28,"y":4},{"id":"24","x":26,"y":5},{"id":"25","x":27,"y":5},{"id":"26","x":28,"y":5},{"id":"20","x":23,"y":3},{"id":"21","x":24,"y":3},{"id":"27","x":25,"y":3},{"id":"22","x":23,"y":4},{"id":"23","x":24,"y":4},{"id":"28","x":25,"y":4},{"id":"24","x":23,"y":5},{"id":"25","x":24,"y":5},{"id":"26","x":25,"y":5},{"id":"20","x":12,"y":8},{"id":"21","x":13,"y":8},{"id":"27","x":14,"y":8},{"id":"22","x":12,"y":9},{"id":"23","x":13,"y":9},{"id":"28","x":14,"y":9},{"id":"24","x":12,"y":10},{"id":"25","x":13,"y":10},{"id":"26","x":14,"y":10},{"id":"20","x":15,"y":8},{"id":"21","x":16,"y":8},{"id":"27","x":17,"y":8},{"id":"22","x":15,"y":9},{"id":"23","x":16,"y":9},{"id":"28","x":17,"y":9},{"id":"24","x":15,"y":10},{"id":"25","x":16,"y":10},{"id":"26","x":17,"y":10},{"id":"20","x":18,"y":8},{"id":"21","x":19,"y":8},{"id":"27","x":20,"y":8},{"id":"22","x":18,"y":9},{"id":"23","x":19,"y":9},{"id":"28","x":20,"y":9},{"id":"24","x":18,"y":10},{"id":"25","x":19,"y":10},{"id":"26","x":20,"y":10},{"id":"20","x":21,"y":8},{"id":"21","x":22,"y":8},{"id":"27","x":23,"y":8},{"id":"22","x":21,"y":9},{"id":"23","x":22,"y":9},{"id":"28","x":23,"y":9},{"id":"24","x":21,"y":10},{"id":"25","x":22,"y":10},{"id":"26","x":23,"y":10},{"id":"29","x":26,"y":12},{"id":"30","x":27,"y":12},{"id":"31","x":28,"y":12},{"id":"29","x":26,"y":9},{"id":"30","x":27,"y":9},{"id":"31","x":28,"y":9}],"collider":false}]}